Workbook

Sheet Sheet3
A1: ##var | B1: id | C1: needKuang | D1: needQiHuo | E1: needYuanPei
A2: ##type | B2: string | C2: string | D2: string | E2: string
A3: ## | B3: id | C3: needKuang | D3: needQiHuo | E3: needYuanPei
B4: 1 | C4: 559|3162|8714|17889|31250 | D4: 10|20|40|80|160 | E4: 1|2|4|8|16
B5: 2 | C5: 1118|6324|17428|35778|62500 | D5: 10|20|40|80|160 | E5: 1|2|4|8|16
B6: 3 | C6: 2236|12648|34856|71556|125000 | D6: 10|20|40|80|160 | E6: 1|2|4|8|16
B7: 4 | C7: 4472|25296|69712|143112|250000 | D7: 12|24|48|96|192 | E7: 1|2|4|8|16
B8: 5 | C8: 8944|50592|139424|286224|500000 | D8: 15|30|60|120|240 | E8: 1|2|4|8|16

Sheet 材料
A1: 凡级 | B1: 需要矿 | C1: 需要器火 | D1: 需要同类武器
B2: =[1]装备强化材料!D9 | C2: 10 | D2: 1
B3: =[1]装备强化材料!D14 | C3: 20 | D3: 2
B4: =[1]装备强化材料!D19 | C4: 40 | D4: 4
B5: =[1]装备强化材料!D24 | C5: 80 | D5: 8
B6: =[1]装备强化材料!D29 | C6: 160 | D6: 16 | E6: =_xlfn.TEXTJOIN("|",TRUE,B2:B6) | F6: =_xlfn.TEXTJOIN("|",TRUE,C2:C6) | G6: =_xlfn.TEXTJOIN("|",TRUE,D2:D6)
B7: =[1]装备强化材料!K9 | C7: =C2 | D7: =D2
B8: =[1]装备强化材料!K14 | C8: =C3 | D8: =D3
B9: =[1]装备强化材料!K19 | C9: =C4 | D9: =D4
B10: =[1]装备强化材料!K24 | C10: =C5 | D10: =D5
B11: =[1]装备强化材料!K29 | C11: =C6 | D11: =D6 | E11: =_xlfn.TEXTJOIN("|",TRUE,B7:B11) | F11: =_xlfn.TEXTJOIN("|",TRUE,C7:C11) | G11: =_xlfn.TEXTJOIN("|",TRUE,D7:D11)
B12: =[1]装备强化材料!Q9 | C12: =C7 | D12: =D7
B13: =[1]装备强化材料!Q14 | C13: =C8 | D13: =D8
B14: =[1]装备强化材料!Q19 | C14: =C9 | D14: =D9
B15: =[1]装备强化材料!Q24 | C15: =C10 | D15: =D10
B16: =[1]装备强化材料!Q29 | C16: =C11 | D16: =D11 | E16: =_xlfn.TEXTJOIN("|",TRUE,B12:B16) | F16: =_xlfn.TEXTJOIN("|",TRUE,C12:C16) | G16: =_xlfn.TEXTJOIN("|",TRUE,D12:D16)
B17: =[1]装备强化材料!W9 | C17: =C12 | D17: =D12
B18: =[1]装备强化材料!W14 | C18: =C13 | D18: =D13
B19: =[1]装备强化材料!W19 | C19: =C14 | D19: =D14
B20: =[1]装备强化材料!W24 | C20: =C15 | D20: =D15
B21: =[1]装备强化材料!W29 | C21: =C16 | D21: =D16 | E21: =_xlfn.TEXTJOIN("|",TRUE,B17:B21) | F21: =_xlfn.TEXTJOIN("|",TRUE,C17:C21) | G21: =_xlfn.TEXTJOIN("|",TRUE,D17:D21)
B22: =[1]装备强化材料!AC9 | C22: =C17 | D22: =D17
B23: =[1]装备强化材料!AC14 | C23: =C18 | D23: =D18
B24: =[1]装备强化材料!AC19 | C24: =C19 | D24: =D19
B25: =[1]装备强化材料!AC24 | C25: =C20 | D25: =D20
B26: =[1]装备强化材料!AC29 | C26: =C21 | D26: =D21 | E26: =_xlfn.TEXTJOIN("|",TRUE,B22:B26) | F26: =_xlfn.TEXTJOIN("|",TRUE,C22:C26) | G26: =_xlfn.TEXTJOIN("|",TRUE,D22:D26)
